-- phpMyAdmin SQL Dump
-- version 5.1.0
-- https://www.phpmyadmin.net/
--
-- Host: 127.0.0.1
-- Generation Time: Aug 28, 2024 at 08:19 AM
-- Server version: 10.4.18-MariaDB
-- PHP Version: 8.0.3

SET SQL_MODE = "NO_AUTO_VALUE_ON_ZERO";
START TRANSACTION;
SET time_zone = "+00:00";


/*!40101 SET @OLD_CHARACTER_SET_CLIENT=@@CHARACTER_SET_CLIENT */;
/*!40101 SET @OLD_CHARACTER_SET_RESULTS=@@CHARACTER_SET_RESULTS */;
/*!40101 SET @OLD_COLLATION_CONNECTION=@@COLLATION_CONNECTION */;
/*!40101 SET NAMES utf8mb4 */;

--
-- Database: `ukk_galerifotozul`
--

-- --------------------------------------------------------

--
-- Table structure for table `album`
--

CREATE TABLE `album` (
  `albumid` int(11) NOT NULL,
  `namaalbum` varchar(255) NOT NULL,
  `deskripsi` text NOT NULL,
  `tanggalbuat` date NOT NULL,
  `userid` int(11) NOT NULL
) ENGINE=InnoDB DEFAULT CHARSET=utf8mb4;

--
-- Dumping data for table `album`
--

INSERT INTO `album` (`albumid`, `namaalbum`, `deskripsi`, `tanggalbuat`, `userid`) VALUES
(34, 'Kendaraan 4', '                                Roda 4                              ', '2024-08-28', 3),
(35, 'Kendaraan 2', '                                Roda 2                              ', '2024-08-28', 3);

-- --------------------------------------------------------

--
-- Table structure for table `foto`
--

CREATE TABLE `foto` (
  `fotoid` int(11) NOT NULL,
  `judulfoto` varchar(255) NOT NULL,
  `deskripsifoto` text NOT NULL,
  `tanggalunggah` date NOT NULL,
  `lokasifile` varchar(255) NOT NULL,
  `albumid` int(11) NOT NULL,
  `userid` int(11) NOT NULL
) ENGINE=InnoDB DEFAULT CHARSET=utf8mb4;

--
-- Dumping data for table `foto`
--

INSERT INTO `foto` (`fotoid`, `judulfoto`, `deskripsifoto`, `tanggalunggah`, `lokasifile`, `albumid`, `userid`) VALUES
(49, 'Mobil Lamborghini', 'Lajuuuuu!!!', '2024-08-28', '1145495085-Lamborghini Murcielago 2010 Modification3.jpg', 34, 3),
(50, 'Motor GP', 'Balapannn!!', '2024-08-28', '435705902-OIP.jfif', 35, 3);

-- --------------------------------------------------------

--
-- Table structure for table `komentarfoto`
--

CREATE TABLE `komentarfoto` (
  `komentarid` int(11) NOT NULL,
  `fotoid` int(11) NOT NULL,
  `userid` int(11) NOT NULL,
  `isikomentar` text NOT NULL,
  `tanggalkomentar` date NOT NULL
) ENGINE=InnoDB DEFAULT CHARSET=utf8mb4;

--
-- Dumping data for table `komentarfoto`
--

INSERT INTO `komentarfoto` (`komentarid`, `fotoid`, `userid`, `isikomentar`, `tanggalkomentar`) VALUES
(6, 49, 3, 'lajuu nihh', '2024-08-28'),
(7, 50, 3, 'wow', '2024-08-28');

-- --------------------------------------------------------

--
-- Table structure for table `likefoto`
--

CREATE TABLE `likefoto` (
  `likeid` int(11) NOT NULL,
  `fotoid` int(11) NOT NULL,
  `userid` int(11) NOT NULL,
  `tanggallike` date NOT NULL
) ENGINE=InnoDB DEFAULT CHARSET=utf8mb4;

--
-- Dumping data for table `likefoto`
--

INSERT INTO `likefoto` (`likeid`, `fotoid`, `userid`, `tanggallike`) VALUES
(91, 49, 3, '2024-08-28'),
(92, 50, 3, '2024-08-28'),
(93, 50, 8, '2024-08-28'),
(94, 49, 8, '2024-08-28');

-- --------------------------------------------------------

--
-- Table structure for table `user`
--

CREATE TABLE `user` (
  `userid` int(11) NOT NULL,
  `username` varchar(255) NOT NULL,
  `password` varchar(255) NOT NULL,
  `email` varchar(255) NOT NULL,
  `namalengkap` varchar(255) NOT NULL,
  `alamat` text NOT NULL
) ENGINE=InnoDB DEFAULT CHARSET=utf8mb4;

--
-- Dumping data for table `user`
--

INSERT INTO `user` (`userid`, `username`, `password`, `email`, `namalengkap`, `alamat`) VALUES
(3, 'admin', '21232f297a57a5a743894a0e4a801fc3', 'admin@gmail.com', 'Administrasi', 'Indonesia'),
(8, 'petugas', '99021355cd95ff5e2fc1d3cfc9f17406', 'user@gmail.com', 'user', 'JL.User');

--
-- Indexes for dumped tables
--

--
-- Indexes for table `album`
--
ALTER TABLE `album`
  ADD PRIMARY KEY (`albumid`),
  ADD KEY `UserID` (`userid`);

--
-- Indexes for table `foto`
--
ALTER TABLE `foto`
  ADD PRIMARY KEY (`fotoid`),
  ADD KEY `UserID` (`userid`),
  ADD KEY `AlbumID` (`albumid`);

--
-- Indexes for table `komentarfoto`
--
ALTER TABLE `komentarfoto`
  ADD PRIMARY KEY (`komentarid`),
  ADD KEY `FotoID` (`fotoid`),
  ADD KEY `UserID` (`userid`);

--
-- Indexes for table `likefoto`
--
ALTER TABLE `likefoto`
  ADD PRIMARY KEY (`likeid`),
  ADD KEY `FotoID` (`fotoid`),
  ADD KEY `UserID` (`userid`);

--
-- Indexes for table `user`
--
ALTER TABLE `user`
  ADD PRIMARY KEY (`userid`);

--
-- AUTO_INCREMENT for dumped tables
--

--
-- AUTO_INCREMENT for table `album`
--
ALTER TABLE `album`
  MODIFY `albumid` int(11) NOT NULL AUTO_INCREMENT, AUTO_INCREMENT=36;

--
-- AUTO_INCREMENT for table `foto`
--
ALTER TABLE `foto`
  MODIFY `fotoid` int(11) NOT NULL AUTO_INCREMENT, AUTO_INCREMENT=51;

--
-- AUTO_INCREMENT for table `komentarfoto`
--
ALTER TABLE `komentarfoto`
  MODIFY `komentarid` int(11) NOT NULL AUTO_INCREMENT, AUTO_INCREMENT=8;

--
-- AUTO_INCREMENT for table `likefoto`
--
ALTER TABLE `likefoto`
  MODIFY `likeid` int(11) NOT NULL AUTO_INCREMENT, AUTO_INCREMENT=95;

--
-- AUTO_INCREMENT for table `user`
--
ALTER TABLE `user`
  MODIFY `userid` int(11) NOT NULL AUTO_INCREMENT, AUTO_INCREMENT=9;

--
-- Constraints for dumped tables
--

--
-- Constraints for table `album`
--
ALTER TABLE `album`
  ADD CONSTRAINT `album_ibfk_1` FOREIGN KEY (`userid`) REFERENCES `user` (`userid`) ON DELETE CASCADE ON UPDATE CASCADE;

--
-- Constraints for table `foto`
--
ALTER TABLE `foto`
  ADD CONSTRAINT `foto_ibfk_1` FOREIGN KEY (`userid`) REFERENCES `user` (`userid`) ON DELETE CASCADE ON UPDATE CASCADE,
  ADD CONSTRAINT `foto_ibfk_2` FOREIGN KEY (`albumid`) REFERENCES `album` (`albumid`) ON DELETE CASCADE ON UPDATE CASCADE;

--
-- Constraints for table `komentarfoto`
--
ALTER TABLE `komentarfoto`
  ADD CONSTRAINT `komentarfoto_ibfk_1` FOREIGN KEY (`userid`) REFERENCES `user` (`userid`) ON DELETE CASCADE ON UPDATE CASCADE,
  ADD CONSTRAINT `komentarfoto_ibfk_2` FOREIGN KEY (`fotoid`) REFERENCES `foto` (`fotoid`) ON DELETE CASCADE ON UPDATE CASCADE;

--
-- Constraints for table `likefoto`
--
ALTER TABLE `likefoto`
  ADD CONSTRAINT `likefoto_ibfk_1` FOREIGN KEY (`userid`) REFERENCES `user` (`userid`) ON DELETE CASCADE ON UPDATE CASCADE,
  ADD CONSTRAINT `likefoto_ibfk_2` FOREIGN KEY (`fotoid`) REFERENCES `foto` (`fotoid`);
COMMIT;

/*!40101 SET CHARACTER_SET_CLIENT=@OLD_CHARACTER_SET_CLIENT */;
/*!40101 SET CHARACTER_SET_RESULTS=@OLD_CHARACTER_SET_RESULTS */;
/*!40101 SET COLLATION_CONNECTION=@OLD_COLLATION_CONNECTION */;
